"Estimation de population au 1er janvier, par département, sexe et âge quinquennal",,,,,,,,,,,,,,,,,,,,,,,,,,,,,,,,,,,,,,,,,,,,,,,,,,,,,,,,,,,,,,,,
Année 2018,,,,,,,,,,,,,,,,,,,,,,,,,,,,,,,,,,,,,,,,,,,,,,,,,,,,,,,,,,,,,,,,
,,,,,,,,,,,,,,,,,,,,,,,,,,,,,,,,,,,,,,,,,,,,,,,,,,,,,,,,,,,,,,,,
Départements,,Ensemble,,,,,,,,,,,,,,,,,,,,,Hommes,,,,,,,,,,,,,,,,,,,,,Femmes,,,,,,,,,,,,,,,,,,,,
codedpt,dpt,0 à 4 ans,5 à 9 ans,10 à 14 ans,15 à 19 ans,20 à 24 ans,25 à 29 ans,30 à 34 ans,35 à 39 ans,40 à 44 ans,45 à 49 ans,50 à 54 ans,55 à 59 ans,60 à 64 ans,65 à 69 ans,70 à 74 ans,75 à 79 ans,80 à 84 ans,85 à 89 ans,90 à 94 ans,95 ans et plus,Total,0 à 4 ans,5 à 9 ans,10 à 14 ans,15 à 19 ans,20 à 24 ans,25 à 29 ans,30 à 34 ans,35 à 39 ans,40 à 44 ans,45 à 49 ans,50 à 54 ans,55 à 59 ans,60 à 64 ans,65 à 69 ans,70 à 74 ans,75 à 79 ans,80 à 84 ans,85 à 89 ans,90 à 94 ans,95 ans et plus,Total,0 à 4 ans,5 à 9 ans,10 à 14 ans,15 à 19 ans,20 à 24 ans,25 à 29 ans,30 à 34 ans,35 à 39 ans,40 à 44 ans,45 à 49 ans,50 à 54 ans,55 à 59 ans,60 à 64 ans,65 à 69 ans,70 à 74 ans,75 à 79 ans,80 à 84 ans,85 à 89 ans,90 à 94 ans,95 ans et plus,Total
01,Ain,"39,022","44,668","45,115","39,527","29,945","35,001","41,101","43,989","43,441","47,598","46,406","41,370","37,774","35,312","27,187","18,603","15,215","11,333","5,473","1,574","649,654","19,952","22,891","23,198","20,431","15,476","17,494","20,280","21,877","21,489","23,808","23,403","20,431","18,356","16,987","13,096","8,587","6,289","4,059","1,867",335,"320,306","19,070","21,777","21,917","19,096","14,469","17,507","20,821","22,112","21,952","23,790","23,003","20,939","19,418","18,325","14,091","10,016","8,926","7,274","3,606","1,239","329,348"
02,Aisne,"30,704","34,774","35,380","33,722","24,914","28,299","30,813","31,978","32,278","35,755","36,636","36,456","35,386","34,835","24,318","16,130","14,881","10,915","4,972","1,140","534,286","15,592","17,731","18,190","17,293","12,874","13,896","15,270","15,852","15,940","17,826","18,288","17,997","17,225","16,653","11,335","6,938","5,630","3,704","1,358",242,"259,834","15,112","17,043","17,190","16,429","12,040","14,403","15,543","16,126","16,338","17,929","18,348","18,459","18,161","18,182","12,983","9,192","9,251","7,211","3,614",898,"274,452"
03,Allier,"15,316","17,665","18,982","18,402","14,304","15,624","16,395","17,927","19,294","22,735","23,558","23,765","24,585","25,511","20,814","14,541","13,604","10,110","4,594","1,252","338,978","7,796","8,988","9,629","9,613","7,640","8,090","7,919","8,804","9,486","11,212","11,654","11,513","11,469","12,219","9,609","6,625","5,284","3,510","1,319",244,"162,623","7,520","8,677","9,353","8,789","6,664","7,534","8,476","9,123","9,808","11,523","11,904","12,252","13,116","13,292","11,205","7,916","8,320","6,600","3,275","1,008","176,355"
04,Alpes-de-Haute-Provence,"7,625","8,639","9,304","8,677","6,054","7,004","8,201","8,638","8,982","10,727","11,600","12,007","11,860","12,058","10,012","7,316","5,977","4,265","2,058",660,"161,664","3,942","4,538","4,876","4,507","3,189","3,575","4,051","4,192","4,308","5,344","5,605","5,826","5,927","5,938","4,729","3,381","2,513","1,665",593,196,"78,895","3,683","4,101","4,428","4,170","2,865","3,429","4,150","4,446","4,674","5,383","5,995","6,181","5,933","6,120","5,283","3,935","3,464","2,600","1,465",464,"82,769"
05,Hautes-Alpes,"6,827","8,188","8,496","7,548","5,804","6,758","7,565","8,736","8,557","9,977","10,068","10,184","9,993","9,700","7,507","5,336","4,777","3,388","1,541",626,"141,576","3,549","4,184","4,244","3,961","3,162","3,349","3,689","4,334","4,247","4,931","5,084","5,039","4,957","4,704","3,544","2,413","2,044","1,236",457,186,"69,314","3,278","4,004","4,252","3,587","2,642","3,409","3,876","4,402","4,310","5,046","4,984","5,145","5,036","4,996","3,963","2,923","2,733","2,152","1,084",440,"72,262"
06,Alpes-Maritimes,"55,585","58,168","56,976","58,936","54,551","58,209","61,883","66,011","65,333","72,029","74,985","71,400","66,578","67,596","60,872","46,447","38,029","28,251","14,356","4,419","1,080,614","28,950","30,104","29,077","29,748","27,364","28,488","29,813","32,167","32,038","34,693","36,054","34,003","31,206","31,230","26,748","20,223","15,127","10,101","4,072","1,008","512,214","26,635","28,064","27,899","29,188","27,187","29,721","32,070","33,844","33,295","37,336","38,931","37,397","35,372","36,366","34,124","26,224","22,902","18,150","10,284","3,411","568,400"
07,Ardèche,"15,861","18,754","20,201","18,122","12,891","14,752","16,559","18,584","19,892","23,214","23,641","22,859","23,393","23,628","18,970","13,236","10,743","8,021","4,095","1,141","328,557","7,995","9,529","10,350","9,258","6,665","7,379","8,197","9,028","9,898","11,692","11,866","11,257","11,306","11,668","9,127","6,183","4,535","2,909","1,232",258,"160,332","7,866","9,225","9,851","8,864","6,226","7,373","8,362","9,556","9,994","11,522","11,775","11,602","12,087","11,960","9,843","7,053","6,208","5,112","2,863",883,"168,225"
08,Ardennes,"14,053","16,492","17,187","15,912","12,166","14,177","15,445","15,758","16,509","18,432","19,346","19,459","18,867","18,214","12,751","9,035","8,308","6,014","2,577",637,"271,339","7,267","8,235","8,881","8,379","6,213","7,225","7,612","7,753","8,078","9,242","9,675","9,624","9,106","8,849","6,049","4,002","3,220","2,006",688,134,"132,238","6,786","8,257","8,306","7,533","5,953","6,952","7,833","8,005","8,431","9,190","9,671","9,835","9,761","9,365","6,702","5,033","5,088","4,008","1,889",503,"139,101"
09,Ariège,"6,970","8,136","8,726","7,796","5,826","6,806","7,552","8,475","8,880","10,243","10,715","11,371","11,309","11,473","8,941","6,000","5,793","4,507","2,130",672,"152,321","3,552","4,246","4,474","4,073","3,179","3,554","3,755","4,015","4,422","5,054","5,325","5,541","5,566","5,782","4,356","2,737","2,427","1,686",636,155,"74,535","3,418","3,890","4,252","3,723","2,647","3,252","3,797","4,460","4,458","5,189","5,390","5,830","5,743","5,691","4,585","3,263","3,366","2,821","1,494",517,"77,786"
10,Aube,"16,883","19,751","19,714","18,749","16,659","17,324","17,860","18,571","18,518","20,931","20,144","20,034","19,784","20,140","15,166","10,653","9,636","6,941","3,181",984,"311,623","8,559","10,165","10,231","9,847","8,698","8,495","8,902","9,213","9,145","10,194","10,006","9,792","9,382","9,590","7,157","4,575","3,794","2,392",822,229,"151,188","8,324","9,586","9,483","8,902","7,961","8,829","8,958","9,358","9,373","10,737","10,138","10,242","10,402","10,550","8,009","6,078","5,842","4,549","2,359",755,"160,435"
11,Aude,"17,261","20,819","21,859","20,054","15,197","16,499","18,614","20,510","21,311","25,638","26,150","24,773","26,611","27,728","23,025","15,078","13,110","10,040","4,552","1,416","370,245","8,717","10,547","11,146","10,449","7,956","7,956","9,023","9,776","10,366","12,470","12,944","12,054","12,899","13,253","10,753","6,943","5,443","3,843","1,374",372,"178,284","8,544","10,272","10,713","9,605","7,241","8,543","9,591","10,734","10,945","13,168","13,206","12,719","13,712","14,475","12,272","8,135","7,667","6,197","3,178","1,044","191,961"
12,Aveyron,"12,388","14,809","15,859","14,685","11,055","12,259","13,467","15,506","15,791","18,837","19,999","20,297","20,403","20,985","16,270","12,191","11,831","8,947","4,352","1,151","281,082","6,473","7,645","8,141","7,882","6,172","6,373","6,646","7,672","7,882","9,522","10,131","10,193","10,268","10,251","7,920","5,514","5,006","3,337","1,330",263,"138,621","5,915","7,164","7,718","6,803","4,883","5,886","6,821","7,834","7,909","9,315","9,868","10,104","10,135","10,734","8,350","6,677","6,825","5,610","3,022",888,"142,461"
13,Bouches-du-Rhône,"119,372","124,529","122,029","123,802","119,994","119,008","124,718","129,604","126,037","137,896","138,278","128,691","120,174","117,067","97,864","71,770","57,403","40,190","19,537","5,978","2,043,941","61,620","63,777","62,514","63,123","60,064","58,699","60,193","62,486","61,308","66,323","66,616","61,901","56,281","54,107","44,827","32,193","23,277","14,155","5,620","1,493","980,577","57,752","60,752","59,515","60,679","59,930","60,309","64,525","67,118","64,729","71,573","71,662","66,790","63,893","62,960","53,037","39,577","34,126","26,035","13,917","4,485","1,063,364"
14,Calvados,"34,859","41,822","43,357","46,053","41,665","36,880","38,648","41,298","41,714","45,822","45,131","44,685","46,488","46,216","33,602","22,865","20,374","15,237","7,081","2,021","695,818","17,797","21,494","22,297","23,725","21,130","18,220","19,009","20,222","20,461","22,684","22,252","21,495","22,067","21,820","15,473","9,773","7,816","4,877","1,891",485,"334,988","17,062","20,328","21,060","22,328","20,535","18,660","19,639","21,076","21,253","23,138","22,879","23,190","24,421","24,396","18,129","13,092","12,558","10,360","5,190","1,536","360,830"
15,Cantal,"5,727","6,781","7,610","7,011","5,347","6,257","6,825","7,552","8,428","9,672","10,410","10,940","11,405","11,535","8,939","6,308","6,112","4,577","2,181",623,"144,240","2,906","3,404","3,859","3,620","2,800","3,062","3,471","3,790","4,342","4,885","5,262","5,568","5,738","5,764","4,242","2,803","2,526","1,678",687,171,"70,578","2,821","3,377","3,751","3,391","2,547","3,195","3,354","3,762","4,086","4,787","5,148","5,372","5,667","5,771","4,697","3,505","3,586","2,899","1,494",452,"73,662"
16,Charente,"16,521","19,013","19,948","18,899","15,157","16,525","18,142","19,335","20,633","24,004","25,095","25,094","25,916","25,785","19,778","13,988","12,997","9,475","4,332","1,334","351,971","8,421","9,927","10,377","10,026","7,850","8,303","9,063","9,658","10,112","11,922","12,348","12,145","12,453","12,521","9,256","6,238","5,441","3,359","1,225",338,"170,983","8,100","9,086","9,571","8,873","7,307","8,222","9,079","9,677","10,521","12,082","12,747","12,949","13,463","13,264","10,522","7,750","7,556","6,116","3,107",996,"180,988"
17,Charente-Maritime,"27,930","33,736","36,161","36,015","28,768","28,152","31,653","34,806","36,759","43,628","43,054","43,520","48,549","52,078","41,925","28,104","24,343","17,745","8,801","2,456","648,183","14,134","17,274","18,501","18,711","15,360","13,978","15,558","16,869","18,005","21,389","20,819","20,551","22,426","24,569","19,429","12,863","10,219","6,414","2,740",556,"310,365","13,796","16,462","17,660","17,304","13,408","14,174","16,095","17,937","18,754","22,239","22,235","22,969","26,123","27,509","22,496","15,241","14,124","11,331","6,061","1,900","337,818"
18,Cher,"14,576","17,205","17,284","16,328","12,951","14,397","15,611","16,676","17,230","20,823","21,463","21,886","21,870","22,346","17,605","12,440","11,412","7,969","3,657","1,065","304,794","7,382","8,913","8,945","8,702","7,070","7,401","7,503","8,181","8,525","10,405","10,469","10,694","10,595","10,797","8,389","5,658","4,748","2,797","1,042",209,"148,425","7,194","8,292","8,339","7,626","5,881","6,996","8,108","8,495","8,705","10,418","10,994","11,192","11,275","11,549","9,216","6,782","6,664","5,172","2,615",856,"156,369"
19,Corrèze,"10,004","12,600","13,319","13,312","10,432","11,055","11,589","12,924","14,123","16,272","16,645","17,221","17,876","18,416","13,961","10,112","9,792","7,363","3,782","1,093","241,891","5,135","6,377","6,828","7,192","5,710","5,771","5,859","6,437","7,026","8,092","8,232","8,433","8,635","9,015","6,480","4,383","4,020","2,566",953,262,"117,406","4,869","6,223","6,491","6,120","4,722","5,284","5,730","6,487","7,097","8,180","8,413","8,788","9,241","9,401","7,481","5,729","5,772","4,797","2,829",831,"124,485"
2A,Corse-du-Sud,"7,203","8,811","8,088","7,606","6,649","8,812","9,891","10,628","10,035","11,511","11,675","10,326","10,345","10,610","8,535","7,296","5,485","3,782","1,580","1,026","159,894","3,823","4,712","4,163","3,820","3,275","4,329","4,599","4,943","4,932","5,754","5,691","5,052","4,974","5,214","3,932","3,415","2,367","1,451",512,122,"77,080","3,380","4,099","3,925","3,786","3,374","4,483","5,292","5,685","5,103","5,757","5,984","5,274","5,371","5,396","4,603","3,881","3,118","2,331","1,068",904,"82,814"
2B,Haute-Corse,"8,298","9,568","9,462","10,129","9,244","9,345","10,684","11,344","11,384","12,542","12,345","11,629","11,286","11,594","9,560","7,449","5,736","3,866","1,607",830,"177,902","4,270","4,892","4,916","5,162","4,672","4,550","5,140","5,527","5,625","6,330","6,158","5,588","5,608","5,642","4,476","3,494","2,416","1,494",497,149,"86,606","4,028","4,676","4,546","4,967","4,572","4,795","5,544","5,817","5,759","6,212","6,187","6,041","5,678","5,952","5,084","3,955","3,320","2,372","1,110",681,"91,296"
21,Côte-d'Or,"27,110","30,307","31,315","36,154","35,723","30,511","32,021","32,014","32,516","35,586","34,855","34,553","33,789","33,150","25,670","17,725","15,235","11,292","5,578","1,733","536,837","13,718","15,575","15,965","17,945","17,689","15,358","15,988","15,620","15,930","17,831","17,247","16,463","16,197","15,595","12,040","7,950","6,152","3,864","1,661",372,"259,160","13,392","14,732","15,350","18,209","18,034","15,153","16,033","16,394","16,586","17,755","17,608","18,090","17,592","17,555","13,630","9,775","9,083","7,428","3,917","1,361","277,677"
22,Côtes-d'Armor,"28,514","34,680","37,466","34,856","23,917","25,073","28,537","32,534","34,703","39,735","39,725","41,311","42,913","45,521","35,220","24,407","23,201","16,650","7,627","2,125","598,715","14,479","17,569","19,290","18,337","12,583","12,603","14,150","15,924","17,269","19,866","19,891","20,141","20,980","21,777","16,384","10,751","9,152","5,651","2,036",478,"289,311","14,035","17,111","18,176","16,519","11,334","12,470","14,387","16,610","17,434","19,869","19,834","21,170","21,933","23,744","18,836","13,656","14,049","10,999","5,591","1,647","309,404"
23,Creuse,"4,482","5,484","6,016","5,566","4,228","5,017","5,061","5,618","6,342","7,804","8,452","9,282","9,792","10,059","7,717","5,352","5,411","4,238","2,168",622,"118,711","2,287","2,741","3,121","3,035","2,280","2,532","2,567","2,838","3,214","4,013","4,255","4,560","4,915","5,017","3,748","2,433","2,143","1,512",632,128,"57,971","2,195","2,743","2,895","2,531","1,948","2,485","2,494","2,780","3,128","3,791","4,197","4,722","4,877","5,042","3,969","2,919","3,268","2,726","1,536",494,"60,740"
24,Dordogne,"16,751","20,569","22,408","20,898","14,834","17,015","18,716","21,161","23,035","27,477","29,540","30,587","32,538","33,877","26,809","18,699","16,795","12,886","6,321","1,713","412,629","8,681","10,458","11,497","10,877","7,898","8,551","9,206","10,490","11,152","13,468","14,440","14,939","15,794","16,306","12,817","8,457","7,023","4,738","1,914",332,"199,038","8,070","10,111","10,911","10,021","6,936","8,464","9,510","10,671","11,883","14,009","15,100","15,648","16,744","17,571","13,992","10,242","9,772","8,148","4,407","1,381","213,591"
25,Doubs,"31,081","34,326","34,412","35,031","32,704","32,324","33,321","34,437","33,038","35,585","34,783","33,529","31,951","30,890","24,328","17,327","15,215","10,502","4,796","1,310","540,890","16,003","17,622","17,429","17,843","16,782","16,411","16,523","17,228","16,583","17,953","17,497","16,153","15,159","14,765","11,504","7,736","6,219","3,775","1,385",275,"264,845","15,078","16,704","16,983","17,188","15,922","15,913","16,798","17,209","16,455","17,632","17,286","17,376","16,792","16,125","12,824","9,591","8,996","6,727","3,411","1,035","276,045"
26,Drôme,"28,766","32,944","33,977","29,845","23,003","26,390","29,485","31,882","31,597","35,454","35,331","34,073","33,240","32,499","26,652","18,506","15,206","10,554","5,292","1,476","516,172","14,695","16,987","17,244","15,754","12,063","13,092","14,385","15,549","15,423","17,301","17,356","16,391","16,005","15,428","12,436","8,298","6,302","3,753","1,677",333,"250,472","14,071","15,957","16,733","14,091","10,940","13,298","15,100","16,333","16,174","18,153","17,975","17,682","17,235","17,071","14,216","10,208","8,904","6,801","3,615","1,143","265,700"
27,Eure,"35,418","42,378","42,300","37,748","27,064","31,071","36,554","39,581","39,492","43,221","41,387","39,974","38,509","37,309","27,140","18,154","15,551","10,823","5,111","1,367","610,152","18,029","21,664","21,904","19,939","13,928","15,252","17,708","19,441","19,645","21,728","20,605","19,711","18,491","17,940","12,987","8,015","6,294","3,721","1,452",280,"298,734","17,389","20,714","20,396","17,809","13,136","15,819","18,846","20,140","19,847","21,493","20,782","20,263","20,018","19,369","14,153","10,139","9,257","7,102","3,659","1,087","311,418"
28,Eure-et-Loir,"25,176","28,980","29,650","25,769","19,024","22,179","25,209","26,875","27,634","30,183","29,981","28,199","27,567","27,088","19,760","13,692","12,247","8,967","4,637","1,166","433,983","12,908","14,584","15,096","13,403","10,014","10,936","12,390","13,163","13,767","14,986","15,086","13,844","13,345","13,274","9,211","6,102","4,934","3,272","1,394",242,"211,951","12,268","14,396","14,554","12,366","9,010","11,243","12,819","13,712","13,867","15,197","14,895","14,355","14,222","13,814","10,549","7,590","7,313","5,695","3,243",924,"222,032"
29,Finistère,"43,962","52,002","54,617","56,015","46,443","45,194","48,359","53,331","55,295","62,044","61,769","62,689","62,617","62,052","46,470","32,804","30,741","21,802","9,810","2,486","910,502","22,593","26,487","28,020","29,044","25,181","23,610","24,507","27,007","28,071","31,158","30,888","31,023","30,353","29,564","21,269","13,813","11,549","7,176","2,486",532,"444,331","21,369","25,515","26,597","26,971","21,262","21,584","23,852","26,324","27,224","30,886","30,881","31,666","32,264","32,488","25,201","18,991","19,192","14,626","7,324","1,954","466,171"
30,Gard,"39,085","44,299","45,651","44,569","35,346","36,592","40,527","43,769","43,454","50,587","52,459","51,438","50,373","50,625","41,221","27,839","23,202","16,990","8,026","2,184","748,236","19,954","22,511","23,557","23,114","18,409","18,087","19,613","21,018","21,228","24,847","25,350","24,577","24,105","24,256","18,958","12,655","9,596","6,102","2,411",544,"360,892","19,131","21,788","22,094","21,455","16,937","18,505","20,914","22,751","22,226","25,740","27,109","26,861","26,268","26,369","22,263","15,184","13,606","10,888","5,615","1,640","387,344"
31,Haute-Garonne,"79,995","84,510","80,378","91,205","104,004","100,385","98,771","98,733","89,977","92,570","91,420","81,492","70,434","66,151","53,207","36,214","31,551","23,160","10,865","3,371","1,388,393","40,594","43,341","41,281","45,345","51,044","49,871","49,335","50,125","44,878","45,860","45,005","40,033","33,870","30,651","24,325","16,262","12,865","8,429","3,101",820,"677,035","39,401","41,169","39,097","45,860","52,960","50,514","49,436","48,608","45,099","46,710","46,415","41,459","36,564","35,500","28,882","19,952","18,686","14,731","7,764","2,551","711,358"
32,Gers,"8,262","9,992","10,775","9,917","6,838","7,684","8,880","10,116","11,034","13,293","13,863","14,357","14,583","14,785","11,434","8,284","7,553","5,959","2,944",779,"191,332","4,286","5,173","5,594","5,123","3,606","3,888","4,381","5,036","5,444","6,642","6,969","7,007","7,012","7,318","5,433","3,830","3,343","2,287",851,212,"93,435","3,976","4,819","5,181","4,794","3,232","3,796","4,499","5,080","5,590","6,651","6,894","7,350","7,571","7,467","6,001","4,454","4,210","3,672","2,093",567,"97,897"
33,Gironde,"85,644","94,784","95,521","104,422","106,008","97,734","99,783","107,523","106,903","113,809","106,076","98,084","92,827","93,142","71,085","46,803","41,053","30,145","15,016","4,467","1,610,829","43,507","48,442","48,797","52,983","51,849","48,121","48,679","52,921","52,940","56,059","51,720","47,269","43,790","43,345","32,461","20,728","16,812","10,356","4,082",882,"775,743","42,137","46,342","46,724","51,439","54,159","49,613","51,104","54,602","53,963","57,750","54,356","50,815","49,037","49,797","38,624","26,075","24,241","19,789","10,934","3,585","835,086"
34,Hérault,"61,477","66,502","65,780","72,350","75,871","70,457","69,786","71,392","69,725","76,740","74,601","70,461","69,523","72,501","60,974","39,894","33,098","24,408","11,275","3,228","1,160,043","31,230","34,218","33,656","36,849","37,293","34,295","33,824","34,782","33,701","37,427","35,794","33,236","32,317","33,440","28,033","18,252","13,531","9,026","3,425",627,"554,956","30,247","32,284","32,124","35,501","38,578","36,162","35,962","36,610","36,024","39,313","38,807","37,225","37,206","39,061","32,941","21,642","19,567","15,382","7,850","2,601","605,087"
35,Ille-et-Vilaine,"61,339","70,259","70,822","74,718","71,849","65,418","66,268","70,666","70,101","73,079","68,737","63,538","58,617","57,099","41,956","30,323","27,643","19,550","9,301","2,600","1,073,883","31,581","36,168","36,046","37,357","36,192","33,146","32,841","35,150","35,355","36,862","34,311","31,246","28,258","26,830","19,040","13,371","11,091","6,714","2,529",541,"524,629","29,758","34,091","34,776","37,361","35,657","32,272","33,427","35,516","34,746","36,217","34,426","32,292","30,359","30,269","22,916","16,952","16,552","12,836","6,772","2,059","549,254"
36,Indre,"9,152","11,046","12,205","11,661","8,600","9,232","10,115","10,766","12,664","15,000","15,493","15,438","16,463","17,109","13,371","9,813","9,251","6,968","3,254",907,"218,508","4,632","5,709","6,148","6,100","4,652","4,542","4,947","5,267","6,325","7,474","7,679","7,646","8,056","8,362","6,285","4,370","3,748","2,455",852,198,"105,447","4,520","5,337","6,057","5,561","3,948","4,690","5,168","5,499","6,339","7,526","7,814","7,792","8,407","8,747","7,086","5,443","5,503","4,513","2,402",709,"113,061"
37,Indre-et-Loire,"32,266","36,437","36,803","40,678","35,967","32,660","35,009","35,734","37,114","40,961","40,083","38,249","38,364","38,256","29,087","20,750","19,412","13,918","7,097","2,294","611,139","16,296","18,448","18,805","20,089","17,334","16,173","17,247","17,570","18,344","20,196","19,667","18,727","18,317","17,949","13,239","9,249","8,009","5,020","2,155",569,"293,403","15,970","17,989","17,998","20,589","18,633","16,487","17,762","18,164","18,770","20,765","20,416","19,522","20,047","20,307","15,848","11,501","11,403","8,898","4,942","1,725","317,736"
38,Isère,"75,058","84,001","84,393","84,512","76,101","71,774","76,123","81,578","81,664","88,967","85,959","78,819","72,547","69,203","55,427","39,302","31,491","22,356","10,746","2,795","1,272,816","37,821","43,135","43,738","43,322","39,699","36,248","37,305","40,392","40,707","44,470","42,794","38,613","34,805","32,874","26,087","17,758","12,979","8,044","3,011",638,"624,440","37,237","40,866","40,655","41,190","36,402","35,526","38,818","41,186","40,957","44,497","43,165","40,206","37,742","36,329","29,340","21,544","18,512","14,312","7,735","2,157","648,376"
39,Jura,"12,955","15,196","16,536","15,222","10,876","12,232","13,612","15,182","15,564","18,069","18,533","17,835","17,529","17,210","13,784","9,975","8,452","6,578","3,162",891,"259,393","6,557","7,678","8,530","7,964","5,704","6,217","6,891","7,525","7,616","8,998","9,353","8,833","8,562","8,271","6,536","4,470","3,391","2,362",884,207,"126,549","6,398","7,518","8,006","7,258","5,172","6,015","6,721","7,657","7,948","9,071","9,180","9,002","8,967","8,939","7,248","5,505","5,061","4,216","2,278",684,"132,844"
40,Landes,"18,846","22,846","23,951","21,897","15,825","18,778","21,380","24,733","26,288","29,100","29,566","28,427","29,220","30,529","23,495","16,456","14,351","9,960","4,668","1,441","411,757","9,652","11,794","12,386","11,330","8,289","9,314","10,579","12,267","13,044","14,367","14,783","13,950","13,954","14,421","10,992","7,530","5,976","3,611","1,317",312,"199,868","9,194","11,052","11,565","10,567","7,536","9,464","10,801","12,466","13,244","14,733","14,783","14,477","15,266","16,108","12,503","8,926","8,375","6,349","3,351","1,129","211,889"
41,Loir-et-Cher,"16,445","19,641","20,698","18,789","13,810","15,864","17,135","18,443","19,826","23,045","22,875","22,777","22,887","23,530","17,914","12,643","11,941","8,632","4,413","1,293","332,601","8,349","9,945","10,476","9,750","7,348","7,877","8,320","9,089","9,849","11,510","11,345","11,215","11,123","11,292","8,524","5,750","5,168","3,093","1,338",298,"161,659","8,096","9,696","10,222","9,039","6,462","7,987","8,815","9,354","9,977","11,535","11,530","11,562","11,764","12,238","9,390","6,893","6,773","5,539","3,075",995,"170,942"
42,Loire,"42,514","47,910","48,276","48,668","40,357","39,465","42,117","44,788","45,331","50,614","49,789","47,707","46,457","48,020","38,848","27,579","25,220","17,957","8,714","2,164","762,495","21,914","24,396","24,709","24,767","20,601","19,229","20,961","21,841","22,832","25,380","24,498","23,183","21,875","22,545","18,487","12,148","9,890","6,009","2,390",355,"368,010","20,600","23,514","23,567","23,901","19,756","20,236","21,156","22,947","22,499","25,234","25,291","24,524","24,582","25,475","20,361","15,431","15,330","11,948","6,324","1,809","394,485"
43,Haute-Loire,"10,787","12,939","14,358","13,119","9,424","10,274","11,270","12,898","13,991","16,046","16,318","15,852","16,070","16,029","12,259","8,722","7,847","5,640","2,752",849,"227,444","5,538","6,644","7,312","6,940","5,177","5,264","5,664","6,399","7,064","8,087","8,208","7,998","8,110","8,019","5,826","3,960","3,118","1,887",735,199,"112,149","5,249","6,295","7,046","6,179","4,247","5,010","5,606","6,499","6,927","7,959","8,110","7,854","7,960","8,010","6,433","4,762","4,729","3,753","2,017",650,"115,295"
44,Loire-Atlantique,"82,851","93,318","93,899","94,165","83,867","84,004","89,115","94,468","92,449","97,737","89,973","84,671","79,440","78,932","58,758","39,920","35,748","24,684","12,090","3,252","1,413,341","42,366","47,710","48,052","48,192","42,311","42,444","44,485","46,710","45,616","48,838","44,331","41,332","37,993","36,781","26,835","17,131","13,815","8,040","3,365",651,"686,998","40,485","45,608","45,847","45,973","41,556","41,560","44,630","47,758","46,833","48,899","45,642","43,339","41,447","42,151","31,923","22,789","21,933","16,644","8,725","2,601","726,343"
45,Loiret,"39,809","44,739","45,202","42,927","36,664","37,638","39,765","42,295","41,959","46,567","45,150","43,143","41,191","40,738","31,068","21,246","19,303","13,898","6,535","1,660","681,497","20,291","22,671","23,157","22,174","18,933","18,515","18,826","20,620","20,880","23,081","22,343","21,326","19,684","19,370","14,589","9,436","7,976","5,050","1,944",353,"331,219","19,518","22,068","22,045","20,753","17,731","19,123","20,939","21,675","21,079","23,486","22,807","21,817","21,507","21,368","16,479","11,810","11,327","8,848","4,591","1,307","350,278"
46,Lot,"6,784","8,198","9,068","8,484","6,084","7,037","7,402","8,571","9,467","11,150","12,067","12,969","13,854","14,297","11,331","8,228","7,405","5,446","2,823",798,"171,463","3,417","4,117","4,580","4,452","3,304","3,587","3,695","4,233","4,712","5,551","5,842","6,307","6,651","7,169","5,403","3,826","3,189","1,958",860,174,"83,027","3,367","4,081","4,488","4,032","2,780","3,450","3,707","4,338","4,755","5,599","6,225","6,662","7,203","7,128","5,928","4,402","4,216","3,488","1,963",624,"88,436"
47,Lot-et-Garonne,"15,946","18,571","19,466","18,097","14,154","15,642","16,869","18,646","18,782","21,326","23,260","23,039","23,193","24,345","19,531","14,305","12,774","9,280","4,728","1,276","333,230","8,343","9,396","9,889","9,279","7,166","7,868","8,117","9,096","9,242","10,403","11,330","11,088","11,061","11,710","9,229","6,577","5,326","3,419","1,485",370,"160,394","7,603","9,175","9,577","8,818","6,988","7,774","8,752","9,550","9,540","10,923","11,930","11,951","12,132","12,635","10,302","7,728","7,448","5,861","3,243",906,"172,836"
48,Lozère,"3,237","3,993","4,361","4,322","3,474","3,467","3,742","4,223","4,496","5,452","5,290","5,433","5,320","5,384","4,192","3,078","2,710","1,978","1,034",277,"75,463","1,638","2,019","2,248","2,261","1,751","1,707","1,944","2,067","2,275","2,851","2,734","2,738","2,727","2,784","2,028","1,456","1,150",703,282,58,"37,421","1,599","1,974","2,113","2,061","1,723","1,760","1,798","2,156","2,221","2,601","2,556","2,695","2,593","2,600","2,164","1,622","1,560","1,275",752,219,"38,042"
49,Maine-et-Loire,"46,252","53,810","56,212","56,883","48,231","44,604","46,980","50,544","50,659","53,592","52,217","51,067","48,840","47,444","35,286","25,491","23,752","17,149","8,961","2,681","820,655","23,814","27,599","28,681","28,922","23,927","22,313","23,343","25,470","25,499","26,915","25,981","24,864","23,571","22,634","16,472","11,180","9,721","6,019","2,785",629,"400,339","22,438","26,211","27,531","27,961","24,304","22,291","23,637","25,074","25,160","26,677","26,236","26,203","25,269","24,810","18,814","14,311","14,031","11,130","6,176","2,052","420,316"
50,Manche,"23,836","28,507","29,893","28,479","21,637","23,901","25,773","27,416","28,203","32,641","35,007","35,642","35,119","35,077","26,778","19,245","18,568","13,438","6,258","1,554","496,972","12,117","14,655","15,383","14,663","11,602","12,268","12,986","13,831","13,873","16,110","17,501","17,895","17,406","16,796","12,518","8,457","7,405","4,644","1,787",353,"242,250","11,719","13,852","14,510","13,816","10,035","11,633","12,787","13,585","14,330","16,531","17,506","17,747","17,713","18,281","14,260","10,788","11,163","8,794","4,471","1,201","254,722"
51,Marne,"32,068","35,680","34,927","37,620","37,567","34,495","35,285","35,159","34,816","38,231","37,019","36,196","34,743","34,784","25,457","17,069","15,170","10,532","4,974","1,461","573,253","16,079","18,124","18,068","19,423","19,565","17,239","17,498","17,528","17,386","18,976","17,955","17,425","16,457","16,079","11,783","7,419","5,898","3,599","1,352",328,"278,181","15,989","17,556","16,859","18,197","18,002","17,256","17,787","17,631","17,430","19,255","19,064","18,771","18,286","18,705","13,674","9,650","9,272","6,933","3,622","1,133","295,072"
52,Haute-Marne,"8,376","9,413","9,963","9,381","7,990","8,994","9,187","9,617","9,934","11,554","12,279","12,829","12,900","12,692","9,266","6,943","6,184","4,569","2,259",772,"175,102","4,254","4,906","5,064","4,879","4,425","4,769","4,535","4,914","4,953","5,877","6,104","6,217","6,247","6,245","4,404","3,096","2,453","1,576",658,125,"85,701","4,122","4,507","4,899","4,502","3,565","4,225","4,652","4,703","4,981","5,677","6,175","6,612","6,653","6,447","4,862","3,847","3,731","2,993","1,601",647,"89,401"
53,Mayenne,"16,761","20,309","21,214","19,364","13,874","14,749","16,143","17,926","18,667","20,597","20,315","20,184","19,439","19,270","14,116","10,258","10,536","7,796","3,813",992,"306,323","8,503","10,332","10,835","10,046","7,351","7,240","8,047","8,948","9,327","10,409","10,270","10,211","9,613","9,320","6,659","4,417","4,400","3,041","1,207",204,"150,380","8,258","9,977","10,379","9,318","6,523","7,509","8,096","8,978","9,340","10,188","10,045","9,973","9,826","9,950","7,457","5,841","6,136","4,755","2,606",788,"155,943"
54,Meurthe-et-Moselle,"38,436","43,459","43,630","49,228","50,516","44,787","44,554","46,284","44,363","48,267","47,380","46,727","45,434","42,811","31,317","22,934","20,135","14,450","6,187","2,186","733,085","19,717","22,416","22,315","24,931","25,871","22,877","22,120","23,275","22,219","24,331","23,396","22,559","21,659","20,438","14,414","9,953","7,788","4,912","1,599",299,"357,089","18,719","21,043","21,315","24,297","24,645","21,910","22,434","23,009","22,144","23,936","23,984","24,168","23,775","22,373","16,903","12,981","12,347","9,538","4,588","1,887","375,996"
55,Meuse,"9,228","10,954","11,544","11,175","8,350","9,795","10,471","10,629","11,152","12,387","13,064","13,324","13,340","12,990","9,223","6,387","5,994","4,339","2,015","1,011","187,372","4,718","5,567","5,863","6,018","4,586","5,010","5,325","5,389","5,478","6,216","6,495","6,768","6,505","6,553","4,455","2,790","2,387","1,448",487,92,"92,150","4,510","5,387","5,681","5,157","3,764","4,785","5,146","5,240","5,674","6,171","6,569","6,556","6,835","6,437","4,768","3,597","3,607","2,891","1,528",919,"95,222"
56,Morbihan,"36,280","44,034","46,800","44,368","32,566","33,741","38,313","43,211","45,227","51,302","51,433","53,103","53,007","54,546","41,421","28,757","26,862","18,390","7,988","2,194","753,543","18,568","22,336","23,765","23,447","17,442","17,075","18,988","21,652","22,552","25,391","25,520","25,887","25,442","25,873","19,224","12,701","10,687","6,046","2,261",443,"365,300","17,712","21,698","23,035","20,921","15,124","16,666","19,325","21,559","22,675","25,911","25,913","27,216","27,565","28,673","22,197","16,056","16,175","12,344","5,727","1,751","388,243"
57,Moselle,"54,062","59,768","60,765","58,600","53,953","60,454","64,818","66,581","64,184","71,620","75,449","74,287","70,337","63,218","43,201","36,345","30,032","19,527","7,739","3,618","1,038,558","27,907","30,712","31,251","30,563","27,896","30,420","32,527","33,051","32,385","35,751","37,540","36,351","33,808","30,096","20,377","15,964","12,015","6,768","1,950",350,"507,682","26,155","29,056","29,514","28,037","26,057","30,034","32,291","33,530","31,799","35,869","37,909","37,936","36,529","33,122","22,824","20,381","18,017","12,759","5,789","3,268","530,876"
58,Nièvre,"8,326","9,998","10,879","10,466","8,268","8,638","9,422","10,461","11,033","12,813","13,993","14,923","16,376","17,373","13,127","9,892","8,938","6,256","3,286","1,474","205,942","4,222","5,233","5,642","5,700","4,454","4,286","4,787","5,296","5,542","6,423","6,864","7,331","7,885","8,440","6,196","4,414","3,645","2,012",884,190,"99,446","4,104","4,765","5,237","4,766","3,814","4,352","4,635","5,165","5,491","6,390","7,129","7,592","8,491","8,933","6,931","5,478","5,293","4,244","2,402","1,284","106,496"
59,Nord,"163,367","175,380","173,089","182,194","176,116","163,559","168,602","169,392","162,828","169,351","165,712","159,818","150,092","140,507","101,523","65,460","60,272","42,878","18,839","4,895","2,613,874","83,238","89,485","88,123","93,161","88,735","81,233","82,220","83,996","80,728","84,124","81,471","77,540","70,563","65,101","45,442","27,314","21,905","13,533","4,877","1,064","1,263,853","80,129","85,895","84,966","89,033","87,381","82,326","86,382","85,396","82,100","85,227","84,241","82,278","79,529","75,406","56,081","38,146","38,367","29,345","13,962","3,831","1,350,021"
60,Oise,"51,478","57,601","57,850","53,041","42,349","46,985","51,938","54,049","55,071","59,235","57,699","53,930","49,384","46,179","33,077","21,493","18,687","12,622","5,585","1,586","829,839","26,153","29,225","29,381","27,430","21,564","22,941","25,110","26,528","27,386","29,965","28,560","26,569","23,822","21,787","15,694","9,493","7,413","4,453","1,464",353,"405,291","25,325","28,376","28,469","25,611","20,785","24,044","26,828","27,521","27,685","29,270","29,139","27,361","25,562","24,392","17,383","12,000","11,274","8,169","4,121","1,233","424,548"
61,Orne,"13,118","15,987","17,149","16,238","12,100","12,484","13,683","14,909","15,804","18,307","19,486","20,149","20,757","21,128","15,636","11,204","11,008","8,066","4,126","1,177","282,516","6,691","8,075","8,975","8,349","6,358","6,302","6,876","7,414","7,907","9,243","9,752","9,896","10,263","10,409","7,380","4,900","4,609","2,880","1,179",259,"137,717","6,427","7,912","8,174","7,889","5,742","6,182","6,807","7,495","7,897","9,064","9,734","10,253","10,494","10,719","8,256","6,304","6,399","5,186","2,947",918,"144,799"
62,Pas-de-Calais,"86,919","98,870","99,404","97,171","80,001","81,687","90,566","93,285","92,180","98,326","97,262","96,621","92,482","88,747","62,124","40,006","37,997","27,017","11,744","2,733","1,475,142","44,172","50,633","50,444","50,772","41,798","41,760","45,046","46,032","45,751","48,824","48,626","47,312","43,726","41,594","27,756","16,368","13,507","8,129","2,802",474,"715,526","42,747","48,237","48,960","46,399","38,203","39,927","45,520","47,253","46,429","49,502","48,636","49,309","48,756","47,153","34,368","23,638","24,490","18,888","8,942","2,259","759,616"
63,Puy-de-Dôme,"33,010","36,761","37,335","40,617","41,068","36,416","37,249","38,974","40,276","43,984","43,728","43,085","42,417","42,654","33,141","22,425","19,630","13,961","6,633","1,821","655,185","16,665","18,803","19,060","20,628","20,842","18,362","18,603","19,114","20,340","21,871","21,780","21,166","20,335","20,359","15,464","9,931","7,792","4,590","1,825",310,"317,840","16,345","17,958","18,275","19,989","20,226","18,054","18,646","19,860","19,936","22,113","21,948","21,919","22,082","22,295","17,677","12,494","11,838","9,371","4,808","1,511","337,345"
64,Pyrénées-Atlantiques,"31,920","36,743","38,748","38,935","32,216","33,568","36,868","40,959","41,498","47,331","47,969","46,508","44,986","44,627","35,513","26,654","23,868","17,484","8,369","2,425","677,189","16,310","18,924","19,749","20,238","16,772","16,661","18,194","20,054","20,526","23,629","23,498","22,323","21,234","20,879","16,191","11,762","9,693","6,115","2,194",497,"325,443","15,610","17,819","18,999","18,697","15,444","16,907","18,674","20,905","20,972","23,702","24,471","24,185","23,752","23,748","19,322","14,892","14,175","11,369","6,175","1,928","351,746"
65,Hautes-Pyrénées,"9,536","11,195","12,654","13,003","9,897","9,478","10,415","12,037","12,795","15,737","16,139","16,326","16,843","16,951","13,252","10,032","9,349","7,249","3,506","1,098","227,492","4,913","5,751","6,420","6,705","5,531","4,853","5,170","5,814","6,249","7,849","8,123","7,831","8,031","8,058","6,152","4,367","3,788","2,616","1,038",234,"109,493","4,623","5,444","6,234","6,298","4,366","4,625","5,245","6,223","6,546","7,888","8,016","8,495","8,812","8,893","7,100","5,665","5,561","4,633","2,468",864,"117,999"
66,Pyrénées-Orientales,"23,350","28,077","28,472","27,718","22,031","22,514","24,907","26,767","27,732","32,231","31,965","31,575","31,664","34,529","29,495","20,690","17,539","13,204","5,978","1,693","482,131","11,817","14,631","14,570","14,338","11,352","11,164","11,780","12,708","13,242","15,544","15,642","14,961","15,314","15,817","13,349","9,254","7,213","4,878","1,602",348,"229,524","11,533","13,446","13,902","13,380","10,679","11,350","13,127","14,059","14,490","16,687","16,323","16,614","16,350","18,712","16,146","11,436","10,326","8,326","4,376","1,345","252,607"
67,Bas-Rhin,"60,476","64,909","65,081","70,383","72,338","73,034","69,402","72,023","70,143","78,802","79,755","75,288","70,143","63,208","43,574","37,290","29,614","19,479","8,428","1,909","1,125,279","30,967","33,247","33,157","35,472","35,950","36,750","34,361","35,263","34,691","39,068","39,694","36,685","33,613","30,568","20,781","16,747","11,820","6,429","2,055",342,"547,660","29,509","31,662","31,924","34,911","36,388","36,284","35,041","36,760","35,452","39,734","40,061","38,603","36,530","32,640","22,793","20,543","17,794","13,050","6,373","1,567","577,619"
68,Haut-Rhin,"42,874","47,632","47,176","43,743","37,021","43,342","46,810","48,980","48,448","54,944","55,691","52,702","49,411","45,675","32,507","26,503","21,412","14,365","5,835","2,535","767,606","22,060","24,278","24,251","22,693","18,835","21,823","22,884","23,932","24,069","27,265","27,857","25,920","23,636","22,122","15,627","12,259","8,624","4,958","1,668",343,"375,104","20,814","23,354","22,925","21,050","18,186","21,519","23,926","25,048","24,379","27,679","27,834","26,782","25,775","23,553","16,880","14,244","12,788","9,407","4,167","2,192","392,502"
69,Rhône,"120,622","122,601","115,932","125,354","142,434","133,467","129,025","126,645","117,245","119,301","115,982","103,919","91,482","87,990","73,450","53,725","45,326","33,415","15,840","4,340","1,878,095","61,550","63,170","59,726","62,009","69,321","65,393","63,017","61,867","59,211","58,892","56,054","49,991","42,320","39,940","33,150","23,600","18,035","11,787","4,250",819,"904,102","59,072","59,431","56,206","63,345","73,113","68,074","66,008","64,778","58,034","60,409","59,928","53,928","49,162","48,050","40,300","30,125","27,291","21,628","11,590","3,521","973,993"
70,Haute-Saône,"11,867","13,957","14,979","13,399","9,252","10,705","12,658","13,859","14,232","16,632","16,700","16,625","16,732","16,583","12,309","8,694","7,350","4,982","2,235",566,"234,316","6,119","7,182","7,903","7,083","4,949","5,396","6,277","6,843","7,127","8,423","8,473","8,215","8,052","8,238","5,900","4,030","3,102","1,782",652,107,"115,853","5,748","6,775","7,076","6,316","4,303","5,309","6,381","7,016","7,105","8,209","8,227","8,410","8,680","8,345","6,409","4,664","4,248","3,200","1,583",459,"118,463"
71,Saône-et-Loire,"26,530","30,953","32,016","30,225","22,823","25,407","28,209","30,354","31,868","37,298","38,756","38,834","39,298","40,590","31,922","23,104","20,489","14,977","7,318","2,158","553,129","13,680","15,759","16,314","16,049","12,143","12,744","13,788","15,093","15,925","18,395","19,152","19,243","19,085","19,396","15,039","10,210","8,216","5,298","2,213",440,"268,182","12,850","15,194","15,702","14,176","10,680","12,663","14,421","15,261","15,943","18,903","19,604","19,591","20,213","21,194","16,883","12,894","12,273","9,679","5,105","1,718","284,947"
72,Sarthe,"31,085","36,049","37,810","35,766","28,459","28,382","30,104","33,006","34,603","38,361","37,566","36,696","36,745","36,405","26,941","19,215","18,293","13,228","6,293","1,894","566,901","15,980","18,474","19,032","18,502","14,673","13,882","14,624","16,060","17,379","19,185","18,590","18,206","17,598","17,355","12,748","8,599","7,424","4,793","1,964",469,"275,537","15,105","17,575","18,778","17,264","13,786","14,500","15,480","16,946","17,224","19,176","18,976","18,490","19,147","19,050","14,193","10,616","10,869","8,435","4,329","1,425","291,364"
73,Savoie,"22,480","25,397","26,388","25,532","21,740","24,081","25,763","27,434","27,618","31,344","30,729","29,292","27,308","26,151","20,366","14,979","12,704","9,243","4,063","1,143","433,755","11,511","13,055","13,389","13,269","11,226","12,274","12,932","13,675","13,973","15,793","15,327","14,443","13,397","12,498","9,424","6,612","5,193","3,293","1,196",264,"212,744","10,969","12,342","12,999","12,263","10,514","11,807","12,831","13,759","13,645","15,551","15,402","14,849","13,911","13,653","10,942","8,367","7,511","5,950","2,867",879,"221,011"
74,Haute-Savoie,"50,934","55,996","52,981","46,725","40,690","53,140","60,311","61,444","57,951","60,335","58,432","50,177","43,723","41,900","33,690","23,075","18,080","12,405","6,138","1,541","829,668","26,067","28,581","27,191","24,382","21,477","26,142","29,667","30,314","28,823","30,269","29,405","24,702","20,916","19,628","15,776","10,472","7,243","4,167","1,636",369,"407,227","24,867","27,415","25,790","22,343","19,213","26,998","30,644","31,130","29,128","30,066","29,027","25,475","22,807","22,272","17,914","12,603","10,837","8,238","4,502","1,172","422,441"
75,Paris,"108,029","99,690","98,531","115,904","171,306","215,201","177,091","153,526","144,146","143,736","137,031","124,442","112,095","110,468","89,353","62,472","47,341","33,902","17,973","6,225","2,168,462","55,259","50,862","50,009","55,774","76,922","102,540","85,722","75,212","71,480","70,742","65,141","57,682","50,759","48,790","39,321","26,657","18,387","11,646","5,206","1,555","1,019,666","52,770","48,828","48,522","60,130","94,384","112,661","91,369","78,314","72,666","72,994","71,890","66,760","61,336","61,678","50,032","35,815","28,954","22,256","12,767","4,670","1,148,796"
76,Seine-Maritime,"71,252","78,605","78,922","81,949","74,551","72,740","75,346","75,988","75,151","83,120","83,186","81,903","79,639","76,399","56,989","38,531","34,369","23,996","11,226","3,147","1,257,009","36,631","40,415","40,407","41,464","37,461","36,097","36,898","37,294","37,255","40,638","40,500","39,262","37,536","35,475","26,264","16,466","13,044","7,802","2,973",722,"604,604","34,621","38,190","38,515","40,485","37,090","36,643","38,448","38,694","37,896","42,482","42,686","42,641","42,103","40,924","30,725","22,065","21,325","16,194","8,253","2,425","652,405"
77,Seine-et-Marne,"94,367","104,558","102,386","96,497","81,290","87,013","93,188","98,377","96,832","102,930","98,158","88,051","76,063","67,661","48,757","32,181","26,265","17,657","7,982","2,523","1,422,736","48,648","53,852","52,355","49,102","40,039","41,794","44,092","47,235","47,803","50,464","48,689","43,508","36,283","32,199","23,179","14,440","10,644","6,161","2,237",585,"693,309","45,719","50,706","50,031","47,395","41,251","45,219","49,096","51,142","49,029","52,466","49,469","44,543","39,780","35,462","25,578","17,741","15,621","11,496","5,745","1,938","729,427"
78,Yvelines,"93,016","100,045","100,779","93,233","78,627","83,506","87,544","95,867","99,435","101,941","98,991","91,746","77,035","70,955","56,517","40,379","32,921","22,269","10,893","2,741","1,438,440","47,740","51,372","50,762","48,172","40,489","41,225","42,069","46,460","49,575","50,542","48,317","44,271","36,193","33,163","26,881","18,230","13,721","7,923","3,490",584,"701,179","45,276","48,673","50,017","45,061","38,138","42,281","45,475","49,407","49,860","51,399","50,674","47,475","40,842","37,792","29,636","22,149","19,200","14,346","7,403","2,157","737,261"
79,Deux-Sèvres,"18,602","23,278","24,382","21,538","15,159","16,906","20,120","22,229","23,448","25,924","26,263","26,191","25,510","24,842","18,663","13,792","13,168","9,369","4,840","1,428","375,652","9,363","11,980","12,572","11,197","7,820","8,401","9,887","11,069","11,786","13,016","13,065","13,122","12,500","12,016","8,809","6,220","5,676","3,540","1,529",311,"183,879","9,239","11,298","11,810","10,341","7,339","8,505","10,233","11,160","11,662","12,908","13,198","13,069","13,010","12,826","9,854","7,572","7,492","5,829","3,311","1,117","191,773"
80,Somme,"30,213","34,528","35,662","39,504","35,634","31,879","33,504","34,275","34,823","38,455","37,745","36,491","36,185","35,346","26,035","17,306","15,426","10,935","4,989","1,260","570,195","15,511","17,827","18,330","19,994","17,961","16,004","16,740","16,957","17,373","19,264","18,725","17,718","17,412","16,935","11,997","7,421","6,068","3,682","1,355",253,"277,527","14,702","16,701","17,332","19,510","17,673","15,875","16,764","17,318","17,450","19,191","19,020","18,773","18,773","18,411","14,038","9,885","9,358","7,253","3,634","1,007","292,668"
81,Tarn,"18,721","22,963","23,312","22,838","17,328","17,809","19,309","22,240","23,341","26,646","27,619","27,067","26,767","26,492","21,566","15,133","14,537","11,365","5,756","1,598","392,407","9,740","11,642","11,711","11,591","8,871","8,796","9,426","10,811","11,485","12,985","13,600","13,253","12,901","12,706","10,103","6,780","6,008","4,185","1,842",402,"188,838","8,981","11,321","11,601","11,247","8,457","9,013","9,883","11,429","11,856","13,661","14,019","13,814","13,866","13,786","11,463","8,353","8,529","7,180","3,914","1,196","203,569"
82,Tarn-et-Garonne,"14,368","17,126","17,700","15,141","10,756","12,500","14,331","16,446","16,884","17,800","18,140","17,214","16,779","16,848","12,983","9,402","8,327","6,051","2,976",810,"262,582","7,379","8,818","9,172","7,893","5,720","6,127","6,934","8,132","8,376","8,864","8,987","8,478","7,975","8,260","6,282","4,229","3,469","2,227",817,162,"128,301","6,989","8,308","8,528","7,248","5,036","6,373","7,397","8,314","8,508","8,936","9,153","8,736","8,804","8,588","6,701","5,173","4,858","3,824","2,159",648,"134,281"
83,Var,"51,075","57,899","58,534","57,613","47,773","52,446","58,433","61,822","62,237","71,756","74,281","72,198","72,886","74,802","67,723","48,101","38,862","27,097","12,470","3,824","1,071,832","25,698","29,712","29,753","30,111","25,137","26,662","28,826","30,196","30,374","35,066","35,721","34,560","34,487","35,102","31,414","21,842","16,716","10,062","3,601",769,"515,809","25,377","28,187","28,781","27,502","22,636","25,784","29,607","31,626","31,863","36,690","38,560","37,638","38,399","39,700","36,309","26,259","22,146","17,035","8,869","3,055","556,023"
84,Vaucluse,"31,485","34,644","35,761","33,503","27,422","29,425","30,863","33,295","33,908","38,889","39,669","37,976","36,391","36,464","29,578","20,512","17,070","12,327","5,529","1,385","566,096","16,258","17,751","18,307","17,096","13,804","14,480","14,983","16,165","16,517","18,994","19,142","18,059","17,179","17,404","13,739","9,166","6,957","4,308","1,657",318,"272,284","15,227","16,893","17,454","16,407","13,618","14,945","15,880","17,130","17,391","19,895","20,527","19,917","19,212","19,060","15,839","11,346","10,113","8,019","3,872","1,067","293,812"
85,Vendée,"34,190","42,234","44,769","39,025","27,797","30,528","35,615","41,543","42,775","45,284","44,487","45,101","46,458","49,595","37,088","25,531","23,000","15,448","7,636","2,087","680,191","17,370","21,508","22,690","20,358","14,469","15,519","17,886","20,750","21,576","22,820","22,183","21,847","22,361","23,927","17,462","11,584","9,839","5,604","2,169",493,"332,415","16,820","20,726","22,079","18,667","13,328","15,009","17,729","20,793","21,199","22,464","22,304","23,254","24,097","25,668","19,626","13,947","13,161","9,844","5,467","1,594","347,776"
86,Vienne,"21,947","25,349","26,153","29,610","27,404","23,390","24,343","25,515","25,916","28,390","28,097","28,157","28,698","27,717","20,688","15,184","14,237","10,591","5,207","1,543","438,136","11,147","12,941","13,291","14,673","13,690","11,778","12,164","12,400","12,813","14,071","13,914","13,895","13,717","13,122","9,861","6,857","5,894","3,857","1,563",341,"211,989","10,800","12,408","12,862","14,937","13,714","11,612","12,179","13,115","13,103","14,319","14,183","14,262","14,981","14,595","10,827","8,327","8,343","6,734","3,644","1,202","226,147"
87,Haute-Vienne,"17,803","20,572","20,644","22,688","20,607","18,454","19,393","21,139","22,219","24,826","25,159","25,207","25,310","26,297","20,275","13,980","13,112","9,869","4,933","1,671","374,158","9,115","10,487","10,739","11,200","10,141","9,161","9,353","10,472","10,970","12,268","12,193","12,249","12,056","12,524","9,262","6,139","5,255","3,380","1,322",318,"178,604","8,688","10,085","9,905","11,488","10,466","9,293","10,040","10,667","11,249","12,558","12,966","12,958","13,254","13,773","11,013","7,841","7,857","6,489","3,611","1,353","195,554"
88,Vosges,"17,052","20,105","21,955","21,112","16,613","17,360","18,837","20,364","21,266","25,006","26,291","26,356","26,079","26,540","19,505","13,430","12,661","9,114","4,076","1,151","364,873","8,625","10,323","11,074","10,976","8,756","8,882","9,453","10,105","10,587","12,575","13,212","12,823","12,713","12,813","9,231","5,945","4,935","2,966","1,024",202,"177,220","8,427","9,782","10,881","10,136","7,857","8,478","9,384","10,259","10,679","12,431","13,079","13,533","13,366","13,727","10,274","7,485","7,726","6,148","3,052",949,"187,653"
89,Yonne,"17,580","20,495","21,302","18,939","13,521","15,810","17,960","19,240","20,160","23,091","23,154","23,143","23,579","24,697","18,147","12,626","11,372","8,197","4,098","1,192","338,303","8,958","10,467","11,034","9,966","7,139","7,768","8,835","9,348","9,954","11,378","11,637","11,349","11,705","11,948","8,677","5,748","4,637","2,790","1,184",226,"164,748","8,622","10,028","10,268","8,973","6,382","8,042","9,125","9,892","10,206","11,713","11,517","11,794","11,874","12,749","9,470","6,878","6,735","5,407","2,914",966,"173,555"
90,Territoire de Belfort,"8,062","9,064","9,328","8,752","8,657","8,637","9,041","8,911","8,885","9,721","9,537","9,156","8,731","8,505","6,416","4,650","4,108","2,710","1,266",342,"144,479","4,191","4,743","4,850","4,715","4,972","4,371","4,584","4,415","4,421","4,955","4,858","4,299","4,079","4,092","2,944","2,034","1,661",980,348,87,"71,599","3,871","4,321","4,478","4,037","3,685","4,266","4,457","4,496","4,464","4,766","4,679","4,857","4,652","4,413","3,472","2,616","2,447","1,730",918,255,"72,880"
91,Essonne,"90,376","93,713","90,215","87,141","80,566","84,544","86,381","89,152","89,247","91,516","88,401","80,481","65,759","59,308","46,798","32,582","28,205","18,730","8,224","2,390","1,313,729","45,655","47,440","46,137","45,377","41,046","41,613","40,784","42,731","44,448","45,333","44,067","39,907","31,961","27,907","21,697","14,624","11,548","6,882","2,342",509,"642,008","44,721","46,273","44,078","41,764","39,520","42,931","45,597","46,421","44,799","46,183","44,334","40,574","33,798","31,401","25,101","17,958","16,657","11,848","5,882","1,881","671,721"
92,Hauts-de-Seine,"106,570","103,768","98,495","94,972","99,499","118,635","120,771","122,251","117,675","112,259","106,347","93,699","76,958","69,974","56,110","39,458","33,462","24,725","13,047","4,113","1,612,788","54,115","53,295","50,374","47,772","49,230","57,794","57,856","58,254","57,056","54,155","50,239","44,141","35,523","31,204","25,162","16,970","13,224","8,403","3,647",858,"769,272","52,455","50,473","48,121","47,200","50,269","60,841","62,915","63,997","60,619","58,104","56,108","49,558","41,435","38,770","30,948","22,488","20,238","16,322","9,400","3,255","843,516"
93,Seine-Saint-Denis,"132,465","125,978","115,281","107,086","104,523","117,923","123,685","124,659","115,652","109,575","102,784","92,699","78,662","65,909","44,895","31,627","26,185","17,384","7,084","2,049","1,646,105","67,257","63,768","58,700","55,164","52,042","56,542","59,788","61,881","59,034","55,540","51,459","45,097","37,656","31,677","21,959","14,679","10,686","6,310","2,306",422,"811,967","65,208","62,210","56,581","51,922","52,481","61,381","63,897","62,778","56,618","54,035","51,325","47,602","41,006","34,232","22,936","16,948","15,499","11,074","4,778","1,627","834,138"
94,Val-de-Marne,"94,074","92,002","88,046","86,650","91,451","100,022","99,772","100,494","96,364","95,112","91,863","85,125","70,381","62,799","47,852","34,069","30,316","21,324","10,244","3,268","1,401,228","48,161","46,941","44,299","43,986","45,391","48,187","47,435","48,822","47,197","46,878","44,202","40,862","33,401","28,432","21,897","15,032","11,683","7,164","2,839",749,"673,558","45,913","45,061","43,747","42,664","46,060","51,835","52,337","51,672","49,167","48,234","47,661","44,263","36,980","34,367","25,955","19,037","18,633","14,160","7,405","2,519","727,670"
95,Val-d'Oise,"91,641","93,681","88,915","83,577","75,792","79,654","85,836","88,262","84,539","82,946","80,317","76,068","64,474","55,425","39,489","25,850","21,283","15,471","7,327","2,199","1,242,746","46,756","47,584","44,969","42,796","38,041","37,904","40,158","42,733","41,909","40,900","39,234","36,229","31,024","26,580","18,820","11,197","8,671","5,249","2,107",551,"603,412","44,885","46,097","43,946","40,781","37,751","41,750","45,678","45,529","42,630","42,046","41,083","39,839","33,450","28,845","20,669","14,653","12,612","10,222","5,220","1,648","639,334"
France métropolitaine ,,"3,642,776","4,010,116","4,029,324","4,005,769","3,641,395","3,771,043","3,936,967","4,108,347","4,083,003","4,412,933","4,363,926","4,174,191","3,959,701","3,864,229","2,979,449","2,097,604","1,829,181","1,307,709","619,408","181,025","65,018,096","1,860,560","2,051,656","2,059,451","2,052,139","1,843,385","1,867,747","1,925,208","2,017,667","2,025,271","2,187,165","2,147,918","2,027,368","1,889,872","1,826,125","1,382,969","929,824","735,582","456,153","175,712","38,509","31,500,281","1,782,216","1,958,460","1,969,873","1,953,630","1,798,010","1,903,296","2,011,759","2,090,680","2,057,732","2,225,768","2,216,008","2,146,823","2,069,829","2,038,104","1,596,480","1,167,780","1,093,599","851,556","443,696","142,516","33,517,815"
971,Guadeloupe ,"20,915","24,299","28,663","27,280","18,509","18,192","17,924","19,868","25,359","30,218","31,543","30,263","26,104","22,673","17,268","12,426","9,659","5,633","2,839","1,069","390,704","10,706","12,359","14,296","13,887","9,322","8,188","7,336","7,953","10,540","13,098","14,240","14,070","11,971","10,349","7,820","5,393","3,920","1,933",913,320,"178,614","10,209","11,940","14,367","13,393","9,187","10,004","10,588","11,915","14,819","17,120","17,303","16,193","14,133","12,324","9,448","7,033","5,739","3,700","1,926",749,"212,090"
972,Martinique ,"17,725","21,162","23,545","23,674","16,828","16,467","17,401","17,853","21,843","28,709","32,647","31,039","26,671","22,763","17,285","13,806","10,780","6,407","3,127","1,514","371,246","9,042","10,946","11,972","12,322","8,652","7,676","7,420","7,624","9,332","12,735","14,703","14,436","12,199","10,342","7,854","6,065","4,643","2,459",918,366,"171,706","8,683","10,216","11,573","11,352","8,176","8,791","9,981","10,229","12,511","15,974","17,944","16,603","14,472","12,421","9,431","7,741","6,137","3,948","2,209","1,148","199,540"
973,Guyane,"32,001","30,143","30,060","26,783","19,255","19,051","19,820","20,500","18,306","17,379","13,323","11,002","9,012","6,208","4,019","2,046","1,330",789,378,207,"281,612","16,398","15,492","15,186","13,385","9,396","9,075","9,244","9,917","9,071","8,724","6,766","5,443","4,672","3,123","2,055",910,544,283,95,63,"139,842","15,603","14,651","14,874","13,398","9,859","9,976","10,576","10,583","9,235","8,655","6,557","5,559","4,340","3,085","1,964","1,136",786,506,283,144,"141,770"
974,La Réunion,"62,525","67,532","71,236","69,012","51,774","50,762","52,161","53,525","57,703","62,191","65,276","56,025","47,325","34,489","24,102","18,031","12,258","6,302","2,781",816,"865,826","31,671","34,638","36,784","35,564","25,714","23,560","23,793","24,177","26,659","30,037","31,739","26,971","22,640","16,334","11,190","7,726","4,773","2,057",769,186,"416,982","30,854","32,894","34,452","33,448","26,060","27,202","28,368","29,348","31,044","32,154","33,537","29,054","24,685","18,155","12,912","10,305","7,485","4,245","2,012",630,"448,844"
976,Mayotte,"40,945","39,080","34,404","26,780","15,834","17,908","18,912","17,597","14,187","9,390","7,598","5,827","4,043","2,482","1,856","1,117",732,255,152,55,"259,154","20,617","19,570","17,008","13,085","7,085","7,159","8,055","8,075","7,493","4,896","3,995","3,176","2,240","1,262",921,565,315,110,76,25,"125,728","20,328","19,510","17,396","13,695","8,749","10,749","10,857","9,522","6,694","4,494","3,603","2,651","1,803","1,220",935,552,417,145,76,30,"133,426"
DOM,,"174,111","182,216","187,908","173,529","122,200","122,380","126,218","129,343","137,398","147,887","150,387","134,156","113,155","88,615","64,530","47,426","34,759","19,386","9,277","3,661","2,168,542","88,434","93,005","95,246","88,243","60,169","55,658","55,848","57,746","63,095","69,490","71,443","64,096","53,722","41,410","29,840","20,659","14,195","6,842","2,771",960,"1,032,872","85,677","89,211","92,662","85,286","62,031","66,722","70,370","71,597","74,303","78,397","78,944","70,060","59,433","47,205","34,690","26,767","20,564","12,544","6,506","2,701","1,135,670"
France métropolitaine et DOM,,"3,816,887","4,192,332","4,217,232","4,179,298","3,763,595","3,893,423","4,063,185","4,237,690","4,220,401","4,560,820","4,514,313","4,308,347","4,072,856","3,952,844","3,043,979","2,145,030","1,863,940","1,327,095","628,685","184,686","67,186,638","1,948,994","2,144,661","2,154,697","2,140,382","1,903,554","1,923,405","1,981,056","2,075,413","2,088,366","2,256,655","2,219,361","2,091,464","1,943,594","1,867,535","1,412,809","950,483","749,777","462,995","178,483","39,469","32,533,153","1,867,893","2,047,671","2,062,535","2,038,916","1,860,041","1,970,018","2,082,129","2,162,277","2,132,035","2,304,165","2,294,952","2,216,883","2,129,262","2,085,309","1,631,170","1,194,547","1,114,163","864,100","450,202","145,217","34,653,485"
,,,,,,,,,,,,,,,,,,,,,,,,,,,,,,,,,,,,,,,,,,,,,,,,,,,,,,,,,,,,,,,,
Source : Insee - Estimations de population (résultats provisoires arrêtés fin 2017).,,,,,,,,,,,,,,,,,,,,,,,,,,,,,,,,,,,,,,,,,,,,,,,,,,,,,,,,,,,,,,,,
